{"cameraMode":{"drawMode":0,"name":"Shaded","section":"Shading Mode"},"sceneLighting":true,"audioPlay":false,"sceneViewState":{"showFog":false,"showMaterialUpdate":false,"showSkybox":false,"showFlares":false,"showImageEffects":false,"showParticleSystems":false},"in2DMode":false,"pivot":{"x":3.3076846599578859,"y":-0.722055971622467,"z":-3.052473545074463},"rotation":{"x":0.014919374138116837,"y":0.10330376029014588,"z":-0.0015473043313249946,"w":0.9945327043533325},"size":31.74191665649414,"orthographic":true}