{"cameraMode":{"drawMode":0,"name":"Shaded","section":"Shading Mode"},"sceneLighting":true,"audioPlay":false,"sceneViewState":{"showFog":true,"showMaterialUpdate":false,"showSkybox":true,"showFlares":true,"showImageEffects":true,"showParticleSystems":true},"in2DMode":false,"pivot":{"x":-8.445826530456543,"y":-6.97072696685791,"z":-18.536663055419923},"rotation":{"x":0.03706083819270134,"y":-0.9571241140365601,"z":0.14202305674552918,"w":0.24979664385318757},"size":23.676513671875,"orthographic":false}