{"cameraMode":{"drawMode":0,"name":"Shaded","section":"Shading Mode"},"sceneLighting":true,"audioPlay":false,"sceneViewState":{"showFog":false,"showMaterialUpdate":false,"showSkybox":false,"showFlares":false,"showImageEffects":false,"showParticleSystems":false},"in2DMode":false,"pivot":{"x":3.3076846599578859,"y":-0.722055971622467,"z":-3.052473545074463},"rotation":{"x":0.03694544732570648,"y":0.4087923765182495,"z":-0.01656430959701538,"w":0.9117231369018555},"size":22.365734100341798,"orthographic":true}