{"cameraMode":{"drawMode":0,"name":"Shaded","section":"Shading Mode"},"sceneLighting":false,"audioPlay":false,"sceneViewState":{"showFog":false,"showMaterialUpdate":false,"showSkybox":false,"showFlares":false,"showImageEffects":false,"showParticleSystems":false},"in2DMode":false,"pivot":{"x":50.48019790649414,"y":-2.8493807315826418,"z":-0.03855705261230469},"rotation":{"x":0.07788924872875214,"y":0.028409410268068315,"z":-0.002220289548859,"w":0.9965543150901794},"size":8.379708290100098,"orthographic":false}