{"cameraMode":{"drawMode":0,"name":"Shaded","section":"Shading Mode"},"sceneLighting":false,"audioPlay":false,"sceneViewState":{"showFog":false,"showMaterialUpdate":false,"showSkybox":false,"showFlares":false,"showImageEffects":false,"showParticleSystems":false},"in2DMode":false,"pivot":{"x":51.438720703125,"y":-1.3442184925079346,"z":-0.2095775604248047},"rotation":{"x":0.06581488251686096,"y":0.06431493163108826,"z":-0.004250803031027317,"w":0.9957472085952759},"size":11.082079887390137,"orthographic":false}