{"cameraMode":{"drawMode":0,"name":"Shaded","section":"Shading Mode"},"sceneLighting":true,"audioPlay":false,"sceneViewState":{"showFog":false,"showMaterialUpdate":false,"showSkybox":false,"showFlares":false,"showImageEffects":false,"showParticleSystems":false},"in2DMode":false,"pivot":{"x":3.3076846599578859,"y":-0.722055971622467,"z":-3.052473545074463},"rotation":{"x":0.038986414670944217,"y":-0.01348915509879589,"z":0.0005263510975055397,"w":0.9991434216499329},"size":25.202407836914064,"orthographic":true}