{"cameraMode":{"drawMode":0,"name":"Shaded","section":"Shading Mode"},"sceneLighting":true,"audioPlay":false,"sceneViewState":{"showFog":true,"showMaterialUpdate":false,"showSkybox":true,"showFlares":true,"showImageEffects":true,"showParticleSystems":true},"in2DMode":false,"pivot":{"x":24.73032569885254,"y":4.1060566902160648,"z":-2.5551223754882814},"rotation":{"x":0.03943616896867752,"y":0.9376486539840698,"z":-0.1133556142449379,"w":0.3262059688568115},"size":10.0,"orthographic":false}